plate_id,BG_activity,P_activity,NAG_Activity,Cello_activity
mg_2006,49.67469174,294.5338143,17.13038385,5.892930265
mg_2008,49.4,338,14.9,7
mg_2014,69.8,300.6,17.4,5.7
mg_2016,116,383.9,21.4,7.6
mg_2022,79.4,421.6,26.8,10
mg_2024,103.5,496.8,29.5,13
mg_2050,27.6,313.6,12.9,4.2
mg_2051,33,391.4,15.2,5.9
mg_2082,33.7,373.1,9.5,4.3
mg_2083,47.97590484,298.5929564,17.18027894,3.946800555
mg_2090,41.63738653,214.6071352,10.3,3.9
mg_2092,63.07276317,321.7949573,15.5,6.4
